<?xml version="1.0"?>
<instance entity-name="altera_mult_add" version="13.1" >
<generic name="number_of_multipliers" value="3" />
<generic name="width_a" value="8" />
<generic name="width_b" value="17" />
<generic name="width_result" value="27" />
<generic name="gui_4th_asynchronous_clear" value="false" />
<generic name="gui_associated_clock_enable" value="false" />
<generic name="gui_output_register" value="true" />
<generic name="gui_output_register_clock" value="CLOCK0" />
<generic name="gui_output_register_aclr" value="ACLR0" />
<generic name="gui_multiplier1_direction" value="ADD" />
<generic name="gui_addnsub_multiplier_register1" value="false" />
<generic name="gui_addnsub_multiplier_register1_clock" value="CLOCK0" />
<generic name="gui_addnsub_multiplier_aclr1" value="NONE" />
<generic name="gui_multiplier3_direction" value="ADD" />
<generic name="gui_addnsub_multiplier_register3" value="false" />
<generic name="gui_addnsub_multiplier_register3_clock" value="CLOCK0" />
<generic name="gui_addnsub_multiplier_aclr3" value="NONE" />
<generic name="gui_representation_a" value="UNSIGNED" />
<generic name="gui_register_signa" value="false" />
<generic name="gui_register_signa_clock" value="CLOCK0" />
<generic name="gui_register_signa_aclr" value="NONE" />
<generic name="gui_representation_b" value="SIGNED" />
<generic name="gui_register_signb" value="false" />
<generic name="gui_register_signb_clock" value="CLOCK0" />
<generic name="gui_register_signb_aclr" value="NONE" />
<generic name="gui_input_register_a" value="true" />
<generic name="gui_input_register_a_clock" value="CLOCK0" />
<generic name="gui_input_register_a_aclr" value="ACLR0" />
<generic name="gui_input_register_b" value="true" />
<generic name="gui_input_register_b_clock" value="CLOCK0" />
<generic name="gui_input_register_b_aclr" value="ACLR0" />
<generic name="gui_multiplier_a_input" value="Multiplier input" />
<generic name="gui_scanouta_register" value="false" />
<generic name="gui_scanouta_register_clock" value="CLOCK0" />
<generic name="gui_scanouta_register_aclr" value="NONE" />
<generic name="gui_multiplier_b_input" value="Multiplier input" />
<generic name="gui_multiplier_register" value="false" />
<generic name="gui_multiplier_register_clock" value="CLOCK0" />
<generic name="gui_multiplier_register_aclr" value="NONE" />
<generic name="preadder_mode" value="SIMPLE" />
<generic name="gui_preadder_direction" value="ADD" />
<generic name="width_c" value="16" />
<generic name="gui_datac_input_register" value="false" />
<generic name="gui_datac_input_register_clock" value="CLOCK0" />
<generic name="gui_datac_input_register_aclr" value="NONE" />
<generic name="width_coef" value="18" />
<generic name="gui_coef_register" value="false" />
<generic name="gui_coef_register_clock" value="CLOCK0" />
<generic name="gui_coef_register_aclr" value="NONE" />
<generic name="coef0_0" value="0" />
<generic name="coef0_1" value="0" />
<generic name="coef0_2" value="0" />
<generic name="coef0_3" value="0" />
<generic name="coef0_4" value="0" />
<generic name="coef0_5" value="0" />
<generic name="coef0_6" value="0" />
<generic name="coef0_7" value="0" />
<generic name="coef1_0" value="0" />
<generic name="coef1_1" value="0" />
<generic name="coef1_2" value="0" />
<generic name="coef1_3" value="0" />
<generic name="coef1_4" value="0" />
<generic name="coef1_5" value="0" />
<generic name="coef1_6" value="0" />
<generic name="coef1_7" value="0" />
<generic name="coef2_0" value="0" />
<generic name="coef2_1" value="0" />
<generic name="coef2_2" value="0" />
<generic name="coef2_3" value="0" />
<generic name="coef2_4" value="0" />
<generic name="coef2_5" value="0" />
<generic name="coef2_6" value="0" />
<generic name="coef2_7" value="0" />
<generic name="coef3_0" value="0" />
<generic name="coef3_1" value="0" />
<generic name="coef3_2" value="0" />
<generic name="coef3_3" value="0" />
<generic name="coef3_4" value="0" />
<generic name="coef3_5" value="0" />
<generic name="coef3_6" value="0" />
<generic name="coef3_7" value="0" />
<generic name="accumulator" value="NO" />
<generic name="accum_direction" value="ADD" />
<generic name="gui_ena_preload_const" value="false" />
<generic name="gui_accumulate_port_select" value="0" />
<generic name="loadconst_value" value="64" />
<generic name="gui_accum_sload_register_clock" value="CLOCK0" />
<generic name="gui_accum_sload_register_aclr" value="NONE" />
<generic name="gui_double_accum" value="false" />
<generic name="gui_chainout_adder" value="false" />
<generic name="chainout_adder" value="NO" />
<generic name="gui_systolic_delay" value="false" />
<generic name="gui_systolic_delay_clock" value="CLOCK0" />
<generic name="gui_systolic_delay_aclr" value="NONE" />
<generic name="gui_pipelining" value="1" />
<generic name="latency" value="2" />
<generic name="gui_input_latency_clock" value="CLOCK0" />
<generic name="gui_input_latency_aclr" value="ACLR0" />
<generic name="selected_device_family" value="Cyclone V" />
<generic name="reg_autovec_sim" value="false" />
</instance>
